epoch,train_loss,val_loss,val_rmse_log,val_rmse,lr
1,147.44055737947164,142.27154541015625,11.9312105,199132.95,0.001
2,138.94429819207443,136.72716064453124,11.697999,199132.6,0.001
3,130.84083396510073,131.43637390136718,11.4687195,199132.25,0.001
4,122.42018729762027,126.85939178466796,11.271348,199131.78,0.001
5,113.8805015965512,120.30859069824218,10.976075,199130.98,0.001
6,106.14446780556126,112.09748840332031,10.594188,199129.56,0.001
7,97.58074750398335,104.0179229736328,10.203836,199127.1,0.001
8,89.17720593904194,95.98024139404296,9.802048,199122.92,0.001
9,80.34063600239001,85.804248046875,9.268236,199113.48,0.001
10,72.26947824578536,79.03610229492188,8.894329,199104.84,0.001
11,64.6031090585809,70.07335205078125,8.3758545,199085.7,0.001
12,57.86697688855623,60.143682861328124,7.7607064,199042.58,0.001
13,49.549649690326895,53.15822906494141,7.2953224,198994.66,0.001
14,43.5186199389006,43.09748001098633,6.5702715,198841.38,0.001
15,35.589703610068874,35.63268356323242,5.9753513,198575.52,0.001
16,30.428260100515264,27.97453155517578,5.296822,198028.9,0.001
17,23.743363029078434,20.114642333984374,4.4913325,196707.94,0.001
18,17.308541599072907,15.215868759155274,3.9152734,194385.75,0.001
19,13.03562425312243,10.383800506591797,3.2267766,191326.44,0.001
20,9.580036665263929,6.140833854675293,2.4820912,182757.89,0.001
21,6.246504306793213,3.2578779220581056,1.8087965,165197.1,0.001
22,4.9681217043023365,2.0403292655944822,1.4272487,149954.75,0.001
23,4.3382501100239,1.0967336893081665,1.0490298,128135.85,0.001
24,4.110517150477359,0.614833128452301,0.788699,124671.27,0.001
25,4.125751620844791,0.6072842359542847,0.7819232,131398.42,0.001
26,4.15241749663102,0.5553508520126342,0.7459294,121255.15,0.001
27,3.8267999573757776,0.5018315196037293,0.7062553,109974.4,0.001
28,4.255264558290181,0.6072811841964721,0.7752776,117880.03,0.001
29,3.9683596523184526,0.6823976278305054,0.82386374,123565.89,0.001
30,3.681700493160047,0.611652386188507,0.78679305,111241.57,0.001
31,3.8817419754831413,0.4221967875957489,0.65095854,114657.805,0.001
32,3.9470524035002055,0.35577320456504824,0.5942276,108666.445,0.001
33,3.289342867700677,0.428156715631485,0.6524554,85139.35,0.001
34,3.5215497769807516,0.4124814748764038,0.63769495,91592.766,0.001
35,3.4349421074515893,0.38501577973365786,0.61644286,93005.25,0.001
36,3.4801294050718607,0.3632258415222168,0.5971395,88876.73,0.001
37,3.380477415887933,0.3759968340396881,0.6087178,81692.87,0.001
38,3.4551706941504228,0.46563424468040465,0.67589843,109492.48,0.001
39,3.2843261267009534,0.3143347203731537,0.55411077,92187.52,0.001
40,3.464231541282252,0.2629812330007553,0.5082461,68393.84,0.001
41,3.510161801388389,0.2934597432613373,0.5390978,79378.55,0.001
42,3.254506826400757,0.2637741953134537,0.5094232,79142.42,0.001
43,3.239359290976273,0.31287157237529756,0.55658436,68065.73,0.001
44,2.925625951666581,0.36312615871429443,0.59205616,99242.14,0.001
45,3.0722096091822575,0.3820617198944092,0.6144311,77258.375,0.001
46,3.3579059776506925,0.26752025783061983,0.5117207,78799.49,0.001
47,3.2049961466538277,0.29784792959690093,0.5376819,91242.59,0.001
48,2.9899786146063554,0.27709354758262633,0.5215439,70106.16,0.001
49,3.137824535369873,0.3511296212673187,0.5871691,99237.28,0.001
50,2.8133482180143656,0.3064995050430298,0.5489737,100814.52,0.001
51,2.8410796115272925,0.26046340465545653,0.5060206,95240.234,0.001
52,3.297894314715737,0.2956446588039398,0.5422918,84484.67,0.001
53,2.9538802598652087,0.29474182724952697,0.53826106,102076.89,0.001
54,2.9294456808190596,0.33157999217510226,0.5716662,105358.48,0.001
55,2.8697603125321236,0.19670284390449524,0.44191256,81585.75,0.001
56,2.87386145089802,0.2211073487997055,0.4679778,83075.555,0.001
57,2.6197070071571753,0.193842551112175,0.43956512,79613.68,0.001
58,2.828524526796843,0.19235622584819795,0.43504727,75999.78,0.001
59,2.5681881214443005,0.21665360629558564,0.46380812,82209.17,0.001
60,2.557266398480064,0.19281219840049743,0.43594036,90932.23,0.001
61,2.616741418838501,0.17035981714725495,0.41112265,68784.62,0.001
62,2.7537778804176734,0.34800298810005187,0.58198524,108992.3,0.001
63,2.7113988650472542,0.31043999195098876,0.56211126,76005.4,0.001
64,2.5816989446941174,0.1441659852862358,0.37623322,88659.66,0.001
65,2.5219535639411523,0.2511242538690567,0.50261205,90968.67,0.001
66,2.6497398426658227,0.18605200350284576,0.43113485,88240.484,0.001
67,2.441618568018863,0.14565527737140654,0.38392252,79058.11,0.001
68,2.53926019919546,0.1647484451532364,0.41032445,66806.33,0.001
69,2.451954716130307,0.19373618960380554,0.4439414,74360.58,0.001
70,2.573191153375726,0.24132868647575378,0.49703157,71236.1,0.001
71,2.424695058872825,0.3435172438621521,0.58058167,108055.01,0.001
72,2.467621972686366,0.16147423833608626,0.40623468,68413.46,0.001
73,2.336697321189077,0.25251748859882356,0.49896818,100317.68,0.001
74,2.388076330486097,0.1427956536412239,0.37925342,76974.76,0.001
75,2.2072959636387073,0.1380087897181511,0.37359017,66720.08,0.001
76,2.3204367474505774,0.19774217307567596,0.4469591,81705.61,0.001
77,2.285750702807778,0.21888650059700013,0.47184637,82665.05,0.001
78,2.432149661214728,0.20929343700408937,0.45807454,90344.87,0.001
79,2.0686747651351127,0.2050745368003845,0.45835176,71245.55,0.001
80,2.0616319242276644,0.21589482724666595,0.46504945,85515.15,0.001
81,1.821553067157143,0.20895761549472808,0.46050322,77778.48,0.001
82,2.1771461148011055,0.14554089009761811,0.38588846,69108.68,0.001
83,2.1200570558246814,0.1668715864419937,0.41111198,82906.586,0.001
84,2.2524734045329846,0.14928718358278276,0.38990715,73195.9,0.001
85,2.14865821913669,0.14268268793821334,0.3811676,79085.125,0.001
86,2.0301568570889925,0.09053095430135727,0.30419433,62362.082,0.001
87,2.0725907212809513,0.14302377551794052,0.380569,75611.234,0.001
88,2.0557833533538017,0.1389913946390152,0.3740014,75181.9,0.001
89,2.0599252236516854,0.1346992716193199,0.36967582,74894.09,0.001
90,2.0143631163396334,0.1415625512599945,0.38148943,60362.477,0.001
91,1.9260857920897634,0.07602359205484391,0.27503464,60397.082,0.001
92,2.1417003807268644,0.15260050296783448,0.39267406,72752.64,0.001
93,2.1233303044971668,0.19417113661766053,0.43773013,92327.086,0.001
94,1.9012462716353566,0.16295992732048034,0.4080256,67758.08,0.001
95,1.9685849704240497,0.12774877697229386,0.3570018,79688.266,0.001
96,2.08942006763659,0.15403641760349274,0.39529735,69376.91,0.001
97,1.9388706935079474,0.15713845640420915,0.39749452,80996.98,0.001
98,1.7719643994381553,0.1483272761106491,0.39138907,63053.773,0.001
99,2.0733023944653963,0.12091620564460755,0.34922463,71847.46,0.001
100,2.010115297217118,0.1795616179704666,0.4226918,85252.86,0.001
101,1.9981398456975032,0.12242077142000199,0.34998208,76362.48,0.001
102,1.8691454278795343,0.18601441383361816,0.43270734,82379.78,0.001
103,1.9666484343378168,0.09879918843507766,0.31753388,61990.863,0.001
104,1.9198760358910811,0.11377728432416916,0.33784473,72677.125,0.001
105,1.8752887625443309,0.07910973206162453,0.28211144,65276.707,0.001
106,1.893085291511134,0.08383020907640457,0.28988585,68299.36,0.001
107,1.831486187483135,0.12168669402599334,0.34785604,78438.91,0.001
108,1.7181548758556968,0.10407007932662964,0.3279779,59269.992,0.0005
109,1.8274800840177035,0.09231969490647315,0.3087501,57081.254,0.0005
110,1.9732321689003391,0.08877874463796616,0.30134425,59805.234,0.0005
111,1.7610577658603066,0.1040355160832405,0.3275501,59699.668,0.0005
112,1.7173719594353123,0.0991753414273262,0.31901437,62641.777,0.0005
113,1.7788921469136287,0.18172610700130462,0.4248691,86184.06,0.0005
114,1.760360598564148,0.16168520152568816,0.40272385,80140.59,0.0005
115,1.7079882119831287,0.10085899531841278,0.3192334,68042.586,0.0005
116,1.8452530346418683,0.07484073340892791,0.2778404,55546.004,0.0005
117,1.7644670825255544,0.18840576708316803,0.430747,89525.36,0.0005
118,1.7825593760139065,0.1513917252421379,0.3925398,75070.55,0.0005
119,1.7109375690159045,0.0995056614279747,0.31920582,63170.504,0.0005
120,1.803158490281356,0.17787259817123413,0.4230095,82495.59,0.0005
121,1.9492618221985667,0.12107203453779221,0.34774306,76034.195,0.0005
122,1.8125215706072355,0.11194887608289719,0.3398789,61673.844,0.0005
123,1.5957390320928473,0.16870667934417724,0.41408673,75100.61,0.0005
124,1.5863564579110396,0.10057149976491928,0.32036752,62310.19,0.0005
125,1.7582008775911833,0.11255136579275131,0.33801267,69804.59,0.0005
126,1.7451444613306146,0.11408877372741699,0.3386173,72585.14,0.0005
127,1.8458355226014789,0.10143069922924042,0.32205895,65382.195,0.0005
128,1.6556109472324974,0.11055700629949569,0.33668458,66635.48,0.0005
129,1.703332637485705,0.08375739827752113,0.29392955,60112.01,0.0005
130,1.6426621863716526,0.09962180107831956,0.32084242,61481.457,0.0005
131,1.650262198950115,0.11201537102460861,0.3368319,72369.59,0.0005
132,1.8366492986679077,0.08475984632968903,0.29479417,62558.098,0.0005
133,1.6908870558989675,0.09087111204862594,0.3058576,63373.316,0.00025
134,1.6963594524483931,0.07833909466862679,0.28473067,57697.023,0.00025
135,1.5656028233076398,0.07275856360793113,0.27423158,58106.82,0.00025
136,1.7216383406990452,0.09310772642493248,0.31077188,57407.664,0.00025
137,1.863592969743829,0.09607134312391281,0.31291956,66414.71,0.00025
138,1.6858039341474835,0.09591160565614701,0.3130901,67846.76,0.00025
139,1.705076110990424,0.08196628689765931,0.28854948,63943.69,0.00025
140,1.5834988669345254,0.110847607254982,0.33742166,67237.055,0.00025
141,1.6631730167489303,0.08218988552689552,0.29004893,63211.125,0.00025
142,1.5701315057905096,0.09129997938871384,0.30799258,59146.918,0.00025
143,1.6729357619034617,0.10439854264259338,0.32797617,65148.5,0.00025
144,1.7405691021367122,0.0940850168466568,0.31209043,60411.56,0.00025
145,1.6423217622857345,0.08281006440520286,0.29301164,56155.953,0.00025
146,1.6672144814541465,0.08582172989845276,0.29476818,67425.8,0.00025
147,1.6963082802923102,0.07440053299069405,0.27599117,61489.746,0.00025
148,1.777126315392946,0.09166579991579056,0.30846384,59182.28,0.00025
149,1.688676313350075,0.07546518743038177,0.27883777,60436.797,0.00025
150,1.719886340593037,0.08008020594716073,0.28861308,59344.35,0.00025
151,1.589184277936032,0.09901807308197022,0.31630632,71480.41,0.00025
152,1.490303020728262,0.1039632499217987,0.32713038,67660.88,0.000125
153,1.6418893149024563,0.11534073799848557,0.34322092,73300.805,0.000125
154,1.5658639543934871,0.10888118147850037,0.3354659,65875.664,0.000125
155,1.6622611597964638,0.10711310505867004,0.33188012,70121.86,0.000125
156,1.6557144616779529,0.0903645247220993,0.30583712,63858.81,0.000125
157,1.5512552198610807,0.0781409502029419,0.28371152,61528.15,0.000125
158,1.5950784996936196,0.10261428356170654,0.32389584,68396.45,0.000125
159,1.5924162237267745,0.08380858898162842,0.29298145,64134.7,0.000125
160,1.4595981365755986,0.12006028592586518,0.35051703,71970.73,0.000125
161,1.6000831629100598,0.09407847970724106,0.30981767,68470.44,0.000125
162,1.598653743141576,0.07744111567735672,0.28189027,62268.65,0.000125
163,1.585474039378919,0.07792237177491187,0.28406778,58942.855,0.000125
164,1.7123201646302875,0.08842012286186218,0.3014859,64738.25,0.000125
165,1.5750252824080617,0.11829512417316437,0.34855592,71480.22,0.000125
